,Country_Region,Confirmed,Deaths
0,Afghanistan,209451,7896
1,Albania,334457,3598
2,Algeria,271496,6881
3,Andorra,47890,165
4,Angola,105288,1933
5,Antarctica,11,0
6,Antigua and Barbuda,9106,146
7,Argentina,10044957,130472
8,Armenia,447308,8727
9,Australia,232974,228
10,Australia,3915992,6529
11,Australia,105111,91
12,Australia,1800236,2783
13,Australia,883620,1365
14,Australia,287507,256
15,Australia,2880559,7370
16,Australia,1293461,952
17,Austria,5961143,21970
18,Azerbaijan,828825,10138
19,Bahamas,37491,833
20,Bahrain,710693,1553
21,Bangladesh,2037871,29445
22,Barbados,106798,579
23,Belarus,994037,7118
24,Belgium,766206,0
25,Belgium,505467,0
26,Belgium,645338,0
27,Belgium,464722,0
28,Belgium,519111,0
29,Belgium,419029,0
30,Belgium,351474,0
31,Belgium,122942,0
32,Belgium,202905,0
33,Belgium,63364,33814
34,Belgium,173827,0
35,Belgium,504980,0
36,Belize,70757,688
37,Benin,27999,163
38,Bhutan,62627,21
39,Bolivia,1194277,22365
40,Bosnia and Herzegovina,401729,16280
41,Botswana,329758,2801
42,Brazil,160433,2043
43,Brazil,337535,7242
44,Brazil,185668,2167
45,Brazil,631976,14443
46,Brazil,1792572,31459
47,Brazil,1453572,28157
48,Brazil,897897,11844
49,Brazil,1323318,15041
50,Brazil,1898605,28036
51,Brazil,493391,11053
52,Brazil,878360,15087
53,Brazil,607356,11010
54,Brazil,4189760,65507
55,Brazil,871612,19021
56,Brazil,707743,10542
57,Brazil,2918459,46018
58,Brazil,1156640,22686
59,Brazil,424866,8354
60,Brazil,585935,8715
61,Brazil,2961756,41919
62,Brazil,2752662,76844
63,Brazil,482910,7432
64,Brazil,182485,2180
65,Brazil,1985888,22703
66,Brazil,6469442,179039
67,Brazil,359674,6502
68,Brazil,365538,4232
69,Brunei,279661,225
70,Bulgaria,1297523,38228
71,Burkina Faso,22056,396
72,Burma,633950,19490
73,Burundi,53631,38
74,Cabo Verde,63244,413
75,Cambodia,138719,3056
76,Cameroon,124392,1965
77,Canada,629269,5622
78,Canada,396817,5249
79,Canada,0,1
80,Canada,13,0
81,Canada,154712,2464
82,Canada,88866,834
83,Canada,54757,318
84,Canada,11511,22
85,Canada,140793,794
86,Canada,3531,7
87,Canada,1601325,16234
88,Canada,56523,93
89,Canada,1320325,18160
90,Canada,13,0
91,Canada,153651,1890
92,Canada,4989,32
93,Central African Republic,15368,113
94,Chad,7679,194
95,Chile,183811,1961
96,Chile,293632,2922
97,Chile,79718,900
98,Chile,116955,718
99,Chile,36352,222
100,Chile,510730,4824
101,Chile,211158,1951
102,Chile,243060,2577
103,Chile,148252,1411
104,Chile,67653,774
105,Chile,346804,3354
106,Chile,1967389,30869
107,Chile,158355,1333
108,Chile,221916,2821
109,Chile,113542,1173
110,Chile,42,2
111,Chile,492917,6461
112,China,2275,7
113,China,40774,20
114,China,14715,11
115,China,17122,2
116,China,1742,2
117,China,103248,10
118,China,13371,2
119,China,2534,2
120,China,10483,6
121,China,3292,7
122,China,6603,18
123,China,9948,23
124,China,2876106,13467
125,China,72131,4515
126,China,7437,4
127,China,8847,1
128,China,5075,0
129,China,3423,2
130,China,40764,5
131,China,3547,2
132,China,3514,121
133,China,1276,0
134,China,782,0
135,China,7326,5
136,China,5880,10
137,China,67040,595
138,China,7167,1
139,China,14567,12
140,China,4392,3
141,China,1647,0
142,China,1521816,82195
143,China,3089,3
144,China,9743,4
145,China,11848,1
146,Colombia,7851,265
147,Colombia,950809,18617
148,Colombia,17130,569
149,Colombia,417897,10230
150,Colombia,203497,3276
151,Colombia,130254,2903
152,Colombia,119792,2580
153,Colombia,1874877,30051
154,Colombia,25704,1041
155,Colombia,43079,1029
156,Colombia,76788,1854
157,Colombia,109404,2694
158,Colombia,18891,430
159,Colombia,122594,3961
160,Colombia,330221,7398
161,Colombia,2795,37
162,Colombia,5683,105
163,Colombia,103346,3593
164,Colombia,58097,1548
165,Colombia,117751,3655
166,Colombia,107879,2609
167,Colombia,108552,3418
168,Colombia,125260,5192
169,Colombia,21998,791
170,Colombia,73182,2086
171,Colombia,110026,2514
172,Colombia,10375,157
173,Colombia,295934,8382
174,Colombia,67157,1747
175,Colombia,127417,4092
176,Colombia,0,0
177,Colombia,569412,15428
178,Colombia,1964,22
179,Colombia,3477,65
180,Comoros,9008,161
181,Congo (Brazzaville),25087,388
182,Congo (Kinshasa),95749,1464
183,Costa Rica,1209725,9245
184,Cote d'Ivoire,88263,834
185,Croatia,1269326,17987
186,Cuba,1112643,8530
187,Cyprus,650685,1330
188,Czechia,4618256,42491
189,Denmark,34658,28
190,Denmark,11971,21
191,Denmark,3404407,8296
192,Diamond Princess,712,13
193,Djibouti,15690,189
194,Dominica,15760,74
195,Dominican Republic,660790,4384
196,Ecuador,1057121,36014
197,Egypt,515759,24812
198,El Salvador,201785,4230
199,Equatorial Guinea,17229,183
200,Eritrea,10189,103
201,Estonia,615433,2946
202,Eswatini,74267,1425
203,Ethiopia,500116,7572
204,Fiji,68898,883
205,Finland,1463644,8967
206,France,98041,413
207,France,78055,649
208,France,201886,1010
209,France,229020,1092
210,France,42004,187
211,France,80017,314
212,France,494595,921
213,France,5441,6
214,France,3452,2
215,France,12271,63
216,France,3427,7
217,France,38618509,161512
218,Gabon,48981,306
219,Gambia,12598,372
220,Georgia,1827537,16971
221,Germany,5063979,19297
222,Germany,6741523,28680
223,Germany,1430661,5564
224,Germany,1113946,6506
225,Germany,303612,968
226,Germany,807013,3614
227,Germany,2928587,12436
228,Germany,711570,2770
229,Germany,3860773,13718
230,Germany,8048396,31400
231,Germany,1769913,6971
232,Germany,492792,2132
233,Germany,1955828,16814
234,Germany,961147,6286
235,Germany,1175406,3481
236,Germany,883914,8298
237,Germany,0,0
238,Ghana,171229,1462
239,Greece,5548487,34779
240,Grenada,19680,238
241,Guatemala,1238247,20182
242,Guinea,38267,467
243,Guinea-Bissau,8960,176
244,Guyana,73075,1298
245,Haiti,34202,860
246,Holy See,29,0
247,Honduras,472250,11111
248,Hungary,2196804,48762
249,Iceland,209137,263
250,India,10751,129
251,India,2339096,14733
252,India,66891,296
253,India,746100,8035
254,India,851427,12303
255,India,99370,1182
256,India,1177804,14146
257,India,11591,4
258,India,2007605,26523
259,India,259167,4013
260,India,1277848,11046
261,India,1056770,10714
262,India,312820,4213
263,India,479513,4785
264,India,442579,5331
265,India,4074536,40312
266,India,6831358,71589
267,India,29425,231
268,India,11415,52
269,India,1054978,10777
270,India,8138129,148424
271,India,139924,2149
272,India,96788,1625
273,India,238969,726
274,India,35988,782
275,India,1336717,9205
276,India,175872,1975
277,India,785724,19289
278,India,1315637,9656
279,India,44325,500
280,India,3595123,38049
281,India,841897,4111
282,India,108034,940
283,India,0,0
284,India,2128222,23648
285,India,449488,7753
286,India,2118857,21533
287,Indonesia,6738225,160941
288,Iran,7572311,144933
289,Iraq,2465545,25375
290,Ireland,1704502,8708
291,Israel,4803824,12329
292,Italy,651674,3931
293,Italy,199646,1021
294,Italy,631613,3347
295,Italy,2444797,11791
296,Italy,2136671,19283
297,Italy,575033,5998
298,Italy,2385069,12787
299,Italy,661284,5880
300,Italy,4118413,45558
301,Italy,714100,4399
302,Italy,101826,719
303,Italy,293808,1610
304,Italy,243951,1647
305,Italy,1719738,13828
306,Italy,1626850,9646
307,Italy,509829,2923
308,Italy,1817733,12692
309,Italy,1589964,11574
310,Italy,438301,2449
311,Italy,50448,567
312,Italy,2692762,16672
313,Jamaica,154416,3514
314,Japan,2100094,4285
315,Japan,199130,588
316,Japan,277922,640
317,Japan,1456535,3874
318,Japan,314430,683
319,Japan,198871,196
320,Japan,1579850,3164
321,Japan,401096,826
322,Japan,538509,1102
323,Japan,437760,1077
324,Japan,796053,1346
325,Japan,1333535,4532
326,Japan,1461481,3796
327,Japan,634322,1279
328,Japan,277113,501
329,Japan,233500,609
330,Japan,251256,613
331,Japan,439610,877
332,Japan,2207465,4249
333,Japan,168352,584
334,Japan,532492,1292
335,Japan,674377,1645
336,Japan,457736,1038
337,Japan,534019,938
338,Japan,318969,773
339,Japan,454729,861
340,Japan,335188,635
341,Japan,344394,855
342,Japan,452535,431
343,Japan,301877,762
344,Japan,488838,838
345,Japan,576111,926
346,Japan,2818795,8401
347,Japan,22118,8
348,Japan,260131,489
349,Japan,1790744,3892
350,Japan,372032,669
351,Japan,166928,296
352,Japan,862305,1375
353,Japan,419841,1058
354,Japan,165538,411
355,Japan,4323708,7998
356,Japan,140744,260
357,Japan,235567,312
358,Japan,173,0
359,Japan,237568,516
360,Japan,224910,355
361,Japan,311938,741
362,Japan,189249,401
363,Jordan,1746997,14122
364,Kazakhstan,1498668,19071
365,Kenya,342937,5688
366,Kiribati,5014,18
367,"Korea, North",1,6
368,"Korea, South",30615522,34093
369,Kosovo,273312,3211
370,Kuwait,663860,2570
371,Kyrgyzstan,206708,2991
372,Laos,218023,758
373,Latvia,976255,6269
374,Lebanon,1232828,10841
375,Lesotho,34790,723
376,Liberia,8090,295
377,Libya,507187,6437
378,Liechtenstein,21432,89
379,Lithuania,1307448,9596
380,Luxembourg,317367,1220
381,MS Zaandam,9,2
382,Madagascar,67889,1423
383,Malawi,88707,2686
384,Malaysia,398660,4715
385,Malaysia,318825,2740
386,Malaysia,260181,1424
387,Malaysia,145426,1203
388,Malaysia,231174,1537
389,Malaysia,182784,1032
390,Malaysia,239281,2125
391,Malaysia,19014,198
392,Malaysia,307725,2064
393,Malaysia,406937,3202
394,Malaysia,324659,1788
395,Malaysia,1551065,10985
396,Malaysia,133075,899
397,Malaysia,0,0
398,Malaysia,470285,2865
399,Malaysia,22981,158
400,Malaysia,32646,32
401,Maldives,185738,311
402,Mali,33062,743
403,Malta,117610,828
404,Marshall Islands,15649,17
405,Mauritania,63668,997
406,Mauritius,296042,1044
407,Mexico,90837,3630
408,Mexico,175704,12508
409,Mexico,128552,2780
410,Mexico,44242,2298
411,Mexico,57462,2453
412,Mexico,172643,10239
413,Mexico,1858660,44044
414,Mexico,187173,9039
415,Mexico,70936,2255
416,Mexico,81548,3696
417,Mexico,368546,15219
418,Mexico,119037,6879
419,Mexico,127406,8647
420,Mexico,296024,20146
421,Mexico,743439,48238
422,Mexico,115872,9037
423,Mexico,99708,5461
424,Mexico,76268,3274
425,Mexico,422027,15503
426,Mexico,157238,6404
427,Mexico,221279,16748
428,Mexico,185519,6426
429,Mexico,120075,4459
430,Mexico,252685,7666
431,Mexico,182235,9972
432,Mexico,201304,10349
433,Mexico,221468,6182
434,Mexico,183092,8329
435,Mexico,60467,3142
436,Mexico,0,0
437,Mexico,235708,17162
438,Mexico,142925,7010
439,Mexico,83365,3993
440,Micronesia,23948,61
441,Moldova,611140,12003
442,Monaco,16121,67
443,Mongolia,1007900,2136
444,Montenegro,288808,2808
445,Morocco,1272490,16296
446,Mozambique,233214,2242
447,Namibia,171156,4090
448,Nauru,5247,1
449,Nepal,1001154,12020
450,Netherlands,44044,282
451,Netherlands,11804,41
452,Netherlands,45986,301
453,Netherlands,216395,464
454,Netherlands,195741,341
455,Netherlands,292969,624
456,Netherlands,1053625,2952
457,Netherlands,263961,368
458,Netherlands,566571,2209
459,Netherlands,1305321,3783
460,Netherlands,1414184,3508
461,Netherlands,599261,1459
462,Netherlands,11020,91
463,Netherlands,0,2
464,Netherlands,708169,1581
465,Netherlands,180656,402
466,Netherlands,1803128,5299
467,New Zealand,7031,2
468,New Zealand,792,0
469,New Zealand,2228291,2548
470,Nicaragua,15655,245
471,Niger,9508,315
472,Nigeria,266598,3155
473,North Macedonia,346852,9662
474,Norway,1479506,5213
475,Oman,399449,4628
476,Pakistan,44343,793
477,Pakistan,36047,378
478,Pakistan,12095,191
479,Pakistan,139844,1031
480,Pakistan,225115,6376
481,Pakistan,524161,13618
482,Pakistan,595806,8257
483,Palau,5991,9
484,Panama,1031731,8609
485,Papua New Guinea,46825,670
486,Paraguay,808401,19878
487,Peru,51138,1409
488,Peru,159243,7382
489,Peru,46163,1694
490,Peru,291043,10600
491,Peru,55696,2407
492,Peru,111937,4605
493,Peru,170402,10884
494,Peru,146229,5287
495,Peru,30172,1300
496,Peru,60660,2976
497,Peru,130224,9114
498,Peru,155282,7614
499,Peru,181814,11027
500,Peru,129893,9486
501,Peru,2110001,96723
502,Peru,64716,4471
503,Peru,21303,888
504,Peru,64321,1718
505,Peru,29033,1140
506,Peru,181347,13228
507,Peru,78232,4843
508,Peru,70196,3239
509,Peru,66032,2256
510,Peru,33866,1752
511,Peru,45826,3301
512,Peru,2784,195
513,Philippines,4077452,66188
514,Poland,6444960,119010
515,Portugal,5570473,26266
516,Qatar,495090,688
517,Romania,3346046,67736
518,Russia,54892,1029
519,Russia,320691,8861
520,Russia,40254,631
521,Russia,129144,766
522,Russia,277116,1795
523,Russia,134664,3121
524,Russia,356814,6020
525,Russia,168582,2336
526,Russia,188152,4146
527,Russia,155600,3124
528,Russia,47057,1076
529,Russia,404282,8277
530,Russia,7457,45
531,Russia,110947,4716
532,Russia,103374,3631
533,Russia,43591,553
534,Russia,364565,8711
535,Russia,134774,3247
536,Russia,22510,562
537,Russia,74999,1935
538,Russia,201778,2080
539,Russia,60000,843
540,Russia,125656,1454
541,Russia,45835,629
542,Russia,51990,991
543,Russia,166710,1526
544,Russia,218261,2917
545,Russia,229418,1565
546,Russia,104162,2428
547,Russia,263154,2608
548,Russia,167182,1101
549,Russia,195725,3264
550,Russia,103604,1480
551,Russia,351663,11159
552,Russia,432528,11285
553,Russia,126942,1552
554,Russia,152631,2540
555,Russia,248849,3510
556,Russia,180099,3959
557,Russia,22734,395
558,Russia,52514,1087
559,Russia,86196,1396
560,Russia,3439248,48306
561,Russia,1142918,15476
562,Russia,147748,3412
563,Russia,8423,104
564,Russia,512578,11843
565,Russia,46439,1280
566,Russia,118176,1071
567,Russia,314863,5758
568,Russia,237613,4623
569,Russia,137045,1981
570,Russia,243942,4030
571,Russia,227708,6235
572,Russia,464121,9262
573,Russia,214604,1966
574,Russia,127429,1965
575,Russia,446218,11081
576,Russia,152902,3499
577,Russia,1889985,37204
578,Russia,220267,2142
579,Russia,70212,834
580,Russia,519743,8235
581,Russia,313794,6001
582,Russia,147340,3196
583,Russia,252978,7128
584,Russia,582157,10936
585,Russia,140923,2530
586,Russia,199811,2010
587,Russia,163415,983
588,Russia,191150,5366
589,Russia,186301,2772
590,Russia,265894,4371
591,Russia,54106,358
592,Russia,241017,3977
593,Russia,229351,4820
594,Russia,181641,3607
595,Russia,269046,6915
596,Russia,222415,3894
597,Russia,484179,8621
598,Russia,154098,1060
599,Russia,193517,2896
600,Russia,193447,2379
601,Rwanda,133194,1468
602,Saint Kitts and Nevis,6597,47
603,Saint Lucia,30004,409
604,Saint Vincent and the Grenadines,9589,123
605,Samoa,16607,29
606,San Marino,23616,122
607,Sao Tome and Principe,6281,77
608,Saudi Arabia,830127,9618
609,Senegal,88926,1971
610,Serbia,2500142,17881
611,Seychelles,50665,172
612,Sierra Leone,7760,126
613,Singapore,2235294,1722
614,Slovakia,2667551,21035
615,Slovenia,1331707,7078
616,Solomon Islands,24575,153
617,Somalia,27324,1361
618,South Africa,4067067,102595
619,South Sudan,18368,138
620,Spain,1633494,15575
621,Spain,465284,5448
622,Spain,265836,3460
623,Spain,315314,1628
624,Spain,1587186,10391
625,Spain,465160,2270
626,Spain,162858,989
627,Spain,611185,8110
628,Spain,848587,9433
629,Spain,2682569,21125
630,Spain,24701,194
631,Spain,310495,2719
632,Spain,752348,4070
633,Spain,111161,965
634,Spain,1989045,20608
635,Spain,25460,170
636,Spain,465199,2545
637,Spain,258093,1762
638,Spain,796454,8017
639,Spain,0,0
640,Sri Lanka,672039,16830
641,Sudan,63829,5017
642,Summer Olympics 2020,865,0
643,Suriname,82467,1404
644,Sweden,32341,212
645,Sweden,81036,663
646,Sweden,76018,841
647,Sweden,12356,101
648,Sweden,113192,651
649,Sweden,35377,225
650,Sweden,92621,859
651,Sweden,65694,455
652,Sweden,54019,445
653,Sweden,52095,557
654,Sweden,104344,628
655,Sweden,101906,1031
656,Sweden,357548,2996
657,Sweden,71803,794
658,Sweden,620000,6239
659,Sweden,97754,823
660,Sweden,73008,515
661,Sweden,62564,464
662,Sweden,58776,791
663,Sweden,81139,642
664,Sweden,455748,3845
665,Switzerland,4413911,14210
666,Syria,57467,3164
667,Taiwan*,9970937,17672
668,Tajikistan,17786,125
669,Tanzania,42906,846
670,Thailand,4728182,33918
671,Timor-Leste,23419,138
672,Togo,39396,290
673,Tonga,16810,13
674,Trinidad and Tobago,189918,4355
675,Tunisia,1151126,29341
676,Turkey,17042722,101492
677,Tuvalu,2805,0
678,US,19790,232
679,US,69860,727
680,US,7485,103
681,US,8091,109
682,US,18704,261
683,US,3030,54
684,US,6551,132
685,US,41421,680
686,US,10859,172
687,US,6755,89
688,US,13009,219
689,US,2259,39
690,US,8553,107
691,US,5162,93
692,US,4428,72
693,US,17185,245
694,US,21291,279
695,US,3604,76
696,US,3776,64
697,US,11804,261
698,US,4738,110
699,US,31520,398
700,US,16507,245
701,US,11031,259
702,US,22522,345
703,US,29837,362
704,US,12367,179
705,US,34229,692
706,US,5887,100
707,US,12033,154
708,US,7969,172
709,US,2309,54
710,US,5728,110
711,US,5866,79
712,US,32660,531
713,US,18379,256
714,US,238727,2535
715,US,4737,73
716,US,30406,420
717,US,9389,181
718,US,47646,372
719,US,32150,320
720,US,3370,80
721,US,5293,90
722,US,116086,1060
723,US,6093,116
724,US,10113,160
725,US,32967,410
726,US,134986,1802
727,US,6742,88
728,US,73840,1010
729,US,46540,551
730,US,0,0
731,US,2673,49
732,US,6339,122
733,US,9264,142
734,US,6527,79
735,US,13030,100
736,US,78112,482
737,US,33302,441
738,US,3176,55
739,US,28602,397
740,US,14611,253
741,US,70976,854
742,US,0,0
743,US,24154,480
744,US,4397,61
745,US,3659,48
746,US,9427,141
747,US,1332,5
748,US,2003,3
749,US,124334,612
750,US,13021,47
751,US,0,0
752,US,1240,1
753,US,2407,13
754,US,1326,11
755,US,1803,2
756,US,2271,13
757,US,33699,172
758,US,798,1
759,US,11995,29
760,US,22694,130
761,US,5148,27
762,US,5899,13
763,US,4952,15
764,US,40792,277
765,US,7617,7
766,US,5532,17
767,US,5794,22
768,US,940,8
769,US,1848,10
770,US,3521,10
771,US,675,0
772,US,2482,21
773,US,6,0
774,US,0,0
775,US,786,2
776,US,983,5
777,US,1757,13
778,US,8320,34
779,US,36336,639
780,US,39086,643
781,US,52821,526
782,US,21401,415
783,US,14101,189
784,US,2717,40
785,US,5950,159
786,US,1530296,18846
787,US,67291,1669
788,US,48374,971
789,US,0,0
790,US,317052,4301
791,US,156974,1814
792,US,19628,245
793,US,0,0
794,US,60313,1388
795,US,71174,1257
796,US,7009,95
797,US,6249,82
798,US,10722,283
799,US,77394,1002
800,US,11277,203
801,US,3595,57
802,US,1194,14
803,US,7284,123
804,US,3126,65
805,US,6412,92
806,US,5146,101
807,US,8055,148
808,US,2677,42
809,US,6794,105
810,US,6606,84
811,US,47352,388
812,US,18657,295
813,US,16702,246
814,US,5745,104
815,US,2071,41
816,US,3656,44
817,US,5638,84
818,US,42997,358
819,US,4488,82
820,US,3108,99
821,US,27083,581
822,US,5252,65
823,US,19801,201
824,US,5638,83
825,US,13058,161
826,US,4657,64
827,US,12797,231
828,US,4712,78
829,US,7280,76
830,US,22364,316
831,US,8197,103
832,US,1507,30
833,US,6526,90
834,US,3344,68
835,US,5502,70
836,US,3888,109
837,US,6069,91
838,US,23994,270
839,US,4857,69
840,US,4100,95
841,US,11628,210
842,US,16411,235
843,US,2309,39
844,US,1770,67
845,US,2770,47
846,US,2051,54
847,US,6776,126
848,US,3017,43
849,US,5887,106
850,US,2964,49
851,US,10113,139
852,US,4652,160
853,US,20964,230
854,US,2416,46
855,US,127945,1322
856,US,6456,107
857,US,37142,395
858,US,2852,49
859,US,2562,53
860,US,39338,587
861,US,7125,84
862,US,5714,123
863,US,8565,110
864,US,3702,80
865,US,33605,0
866,US,11292,204
867,US,4340,67
868,US,80947,709
869,US,27120,340
870,US,2274,33
871,US,7596,118
872,US,402160,2192
873,US,143,0
874,US,11553,99
875,US,51967,487
876,US,9650,140
877,US,5346,22
878,US,295633,1559
879,US,8405,60
880,US,39170,245
881,US,329460,3001
882,US,7811,58
883,US,29324,170
884,US,88972,978
885,US,6072,63
886,US,310792,2625
887,US,67356,481
888,US,14941,157
889,US,11319,66
890,US,3710586,35545
891,US,55217,388
892,US,54908,317
893,US,4545,42
894,US,21739,143
895,US,89409,903
896,US,1327,11
897,US,3633,8
898,US,122120,804
899,US,35992,170
900,US,22495,133
901,US,788663,7971
902,US,0,0
903,US,91376,682
904,US,4290,15
905,US,776620,6853
906,US,409095,3719
907,US,18800,117
908,US,745179,8170
909,US,1067659,5799
910,US,209846,1178
911,US,227031,2421
912,US,74632,561
913,US,194587,912
914,US,119952,763
915,US,497526,2727
916,US,72428,276
917,US,44785,607
918,US,372,5
919,US,8908,96
920,US,122718,482
921,US,119546,556
922,US,168343,1845
923,US,28309,241
924,US,17875,234
925,US,1981,24
926,US,168754,1578
927,US,17914,203
928,US,4384,0
929,US,239184,1679
930,US,54973,443
931,US,21924,135
932,US,166371,1466
933,US,5953,68
934,US,197066,1368
935,US,3534,24
936,US,1027,17
937,US,3004,50
938,US,91179,447
939,US,18376,133
940,US,5662,56
941,US,392,12
942,US,1931,13
943,US,2303,58
944,US,961,19
945,US,3558,33
946,US,837,23
947,US,7202,161
948,US,224919,1524
949,US,424,8
950,US,100968,498
951,US,18833,39
952,US,237195,1904
953,US,5836,48
954,US,18767,210
955,US,18041,104
956,US,1171,7
957,US,4053,30
958,US,3970,16
959,US,161,0
960,US,1764,41
961,US,195,0
962,US,160677,1554
963,US,392,6
964,US,1877,32
965,US,15836,99
966,US,2203,2
967,US,109313,606
968,US,4408,51
969,US,2382,11
970,US,8661,119
971,US,51841,639
972,US,303,4
973,US,3738,55
974,US,7673,90
975,US,11179,183
976,US,6973,148
977,US,5320,137
978,US,1118,6
979,US,0,0
980,US,3499,24
981,US,1123,20
982,US,8081,9
983,US,3226,52
984,US,61961,880
985,US,2236,15
986,US,3634,47
987,US,7882,34
988,US,1524,12
989,US,316,0
990,US,2713,8
991,US,582,12
992,US,12072,15
993,US,5913,67
994,US,261,25
995,US,1262,35
996,US,106227,780
997,US,2342,27
998,US,264399,3017
999,US,237105,3494
1000,US,41816,532
1001,US,38840,547
1002,US,257919,3165
1003,US,73980,784
1004,US,27913,317
1005,US,3271,9
1006,US,31414,355
1007,US,64447,724
1008,US,186969,1608
1009,US,78267,992
1010,US,1110,0
1011,US,49,0
1012,US,177945,1432
1013,US,89806,833
1014,US,10746,154
1015,US,56189,894
1016,US,9245,177
1017,US,175277,2513
1018,US,774980,6770
1019,US,4939,111
1020,US,48860,1009
1021,US,39070,1146
1022,US,67269,979
1023,US,106604,1174
1024,US,25731,472
1025,US,11287,175
1026,US,4938,89
1027,US,319149,3872
1028,US,98081,1479
1029,US,29013,438
1030,US,3580,58
1031,US,17803,246
1032,US,5663,109
1033,US,2311,38
1034,US,5043,90
1035,US,4585,64
1036,US,10362,141
1037,US,13827,174
1038,US,53794,1286
1039,US,30739,807
1040,US,479640,4409
1041,US,6384,107
1042,US,42698,763
1043,US,18364,301
1044,US,5046,70
1045,US,3157,65
1046,US,109346,1811
1047,US,243110,2557
1048,US,114380,794
1049,US,12803,192
1050,US,2997,31
1051,US,7053,108
1052,US,123507,1743
1053,US,105662,2497
1054,US,40724,768
1055,US,1552197,12285
1056,US,22919,138
1057,US,27713,355
1058,US,62183,768
1059,US,12495,200
1060,US,475796,3301
1061,US,144497,1273
1062,US,481679,6031
1063,US,159816,2280
1064,US,277006,4065
1065,US,260300,3450
1066,US,21209,469
1067,US,59416,695
1068,US,122219,2063
1069,US,132095,1282
1070,US,78720,706
1071,US,96060,1413
1072,US,30228,720
1073,US,16028,360
1074,US,8109,116
1075,US,3307,396
1076,US,5131,126
1077,US,151166,2341
1078,US,12188,143
1079,US,20605,236
1080,US,7746,124
1081,US,5266,136
1082,US,2449,58
1083,US,4098,82
1084,US,654,15
1085,US,11199,262
1086,US,4586,101
1087,US,26052,291
1088,US,35396,488
1089,US,4991,125
1090,US,5876,96
1091,US,45403,836
1092,US,3938,111
1093,US,4689,116
1094,US,4061,101
1095,US,11203,112
1096,US,17869,283
1097,US,6296,124
1098,US,7680,181
1099,US,1571,25
1100,US,13653,140
1101,US,2581,110
1102,US,28396,500
1103,US,16998,205
1104,US,3485,65
1105,US,79653,1042
1106,US,7924,24
1107,US,7581,152
1108,US,75790,713
1109,US,35334,264
1110,US,625,7
1111,US,77902,1095
1112,US,2457,46
1113,US,216663,2102
1114,US,11781,308
1115,US,13042,278
1116,US,43298,438
1117,US,5707,83
1118,US,41221,527
1119,US,2225,64
1120,US,5596,146
1121,US,3942,44
1122,US,8345,108
1123,US,192315,1980
1124,US,8566,144
1125,US,5942,174
1126,US,2844,76
1127,US,24389,577
1128,US,43478,462
1129,US,3126,65
1130,US,1059,12
1131,US,16399,217
1132,US,5334,121
1133,US,6781,168
1134,US,2836,70
1135,US,5768,180
1136,US,29631,387
1137,US,32150,572
1138,US,66837,466
1139,US,6176,116
1140,US,276219,2667
1141,US,8267,199
1142,US,727,31
1143,US,27259,442
1144,US,19761,305
1145,US,6835,114
1146,US,4758,91
1147,US,257462,2122
1148,US,11488,290
1149,US,63629,935
1150,US,1945,91
1151,US,6292,186
1152,US,7114,125
1153,US,5609,112
1154,US,2583,62
1155,US,72008,758
1156,US,49515,545
1157,US,2226,57
1158,US,24990,314
1159,US,3797,83
1160,US,4357,77
1161,US,4238,122
1162,US,1789,69
1163,US,2645,86
1164,US,6040,127
1165,US,5842,131
1166,US,2698,32
1167,US,16454,330
1168,US,8668,113
1169,US,15774,168
1170,US,1838,40
1171,US,3479,36
1172,US,36984,434
1173,US,8941,139
1174,US,2737,54
1175,US,8025,123
1176,US,1872,57
1177,US,6165,114
1178,US,2857,39
1179,US,5576,159
1180,US,2033,32
1181,US,6277,127
1182,US,7074,185
1183,US,2329,57
1184,US,5534,75
1185,US,13523,206
1186,US,45908,928
1187,US,30775,498
1188,US,10559,117
1189,US,3758,65
1190,US,99220,1654
1191,US,46667,477
1192,US,7951,151
1193,US,10130,194
1194,US,6431,144
1195,US,6495,109
1196,US,13752,215
1197,US,2699,84
1198,US,5270,115
1199,US,551,5
1200,US,4116,106
1201,US,1825,50
1202,US,60659,972
1203,US,23742,351
1204,US,1412,11
1205,US,3174,76
1206,US,2510,39
1207,US,19289,452
1208,US,7270,183
1209,US,3287,36
1210,US,8733,190
1211,US,1381,35
1212,US,337,4
1213,US,5725,144
1214,US,2440,53
1215,US,3520,90
1216,US,2547,71
1217,US,13776,235
1218,US,13823,240
1219,US,7999,216
1220,US,3085,127
1221,US,1882,71
1222,US,18779,426
1223,US,3186,65
1224,US,1852,74
1225,US,12410,2
1226,US,6138,182
1227,US,9619,259
1228,US,19976,291
1229,US,26614,480
1230,US,11350,304
1231,US,1291,35
1232,US,5134,141
1233,US,8867,222
1234,US,545,10
1235,US,1590,39
1236,US,8336,185
1237,US,39243,494
1238,US,2414,73
1239,US,2624,55
1240,US,2670,67
1241,US,5532,125
1242,US,103,3
1243,US,61027,420
1244,US,42594,237
1245,US,264197,1355
1246,US,19155,50
1247,US,45510,185
1248,US,9152,14
1249,US,0,0
1250,US,160373,1139
1251,US,819,16
1252,US,24459,273
1253,US,1155,19
1254,US,2770,45
1255,US,11205,175
1256,US,7310,33
1257,US,1297,14
1258,US,10275,201
1259,US,35614,305
1260,US,2416,69
1261,US,555,12
1262,US,182,2
1263,US,70696,738
1264,US,1664,35
1265,US,5610,58
1266,US,118,1
1267,US,2693,40
1268,US,707,9
1269,US,9096,74
1270,US,2594,31
1271,US,2415,30
1272,US,4263,86
1273,US,3932,61
1274,US,3601,59
1275,US,6853,69
1276,US,7118,68
1277,US,47262,669
1278,US,7725,57
1279,US,1796,28
1280,US,1406,32
1281,US,1300,15
1282,US,13800,58
1283,US,4821,71
1284,US,10618,161
1285,US,956,12
1286,US,2613,56
1287,US,6793,92
1288,US,1660,20
1289,US,3119,80
1290,US,2937,9
1291,US,28733,315
1292,US,0,0
1293,US,3146,18
1294,US,2645,61
1295,US,27974,234
1296,US,1574,16
1297,US,5310,31
1298,US,17550,127
1299,US,2873,17
1300,US,10275,136
1301,US,1900,6
1302,US,5022,57
1303,US,5620,38
1304,US,86054,315
1305,US,13026,119
1306,US,5933,54
1307,US,5921,76
1308,US,14392,118
1309,US,18977,189
1310,US,1533935,15289
1311,US,7889,50
1312,US,4004,40
1313,US,5211,42
1314,US,32553,217
1315,US,7943,63
1316,US,289813,1859
1317,US,6660,60
1318,US,2125,29
1319,US,12823,147
1320,US,8753,106
1321,US,5516,71
1322,US,15422,186
1323,US,12788,139
1324,US,1850,20
1325,US,4281,49
1326,US,16326,154
1327,US,2668,32
1328,US,5396,52
1329,US,1447,20
1330,US,1576,19
1331,US,15932,135
1332,US,8886,131
1333,US,20182,143
1334,US,3224,33
1335,US,13589,185
1336,US,7873,80
1337,US,5182,46
1338,US,5572,44
1339,US,166146,1216
1340,US,36784,386
1341,US,41814,171
1342,US,16232,245
1343,US,37187,421
1344,US,210403,1544
1345,US,6844,45
1346,US,11614,92
1347,US,13246,145
1348,US,12678,101
1349,US,40343,373
1350,US,16079,149
1351,US,87637,857
1352,US,14693,223
1353,US,3481,34
1354,US,4730,67
1355,US,4663,73
1356,US,9086,109
1357,US,98211,525
1358,US,64188,332
1359,US,4598,29
1360,US,4931,51
1361,US,11440,135
1362,US,12176,112
1363,US,12381,138
1364,US,4939,51
1365,US,17498,141
1366,US,3,0
1367,US,59913,579
1368,US,9157,101
1369,US,5584,23
1370,US,6159,70
1371,US,1266,9
1372,US,2057,23
1373,US,1421,11
1374,US,12948,135
1375,US,6317,77
1376,US,42574,519
1377,US,10361,106
1378,US,76600,445
1379,US,2474,18
1380,US,1575,14
1381,US,7605,81
1382,US,81204,802
1383,US,1891,39
1384,US,15058,189
1385,US,46151,514
1386,US,66,5065
1387,US,6858,70
1388,US,35285,325
1389,US,4837,30
1390,US,5073,93
1391,US,4140,36
1392,US,6611,94
1393,US,5445,55
1394,US,19530,244
1395,US,216951,1693
1396,US,28971,275
1397,US,100711,901
1398,US,12654,121
1399,US,8751,120
1400,US,124359,1284
1401,US,26876,270
1402,US,2985,28
1403,US,3701,82
1404,US,17386,204
1405,US,2984,63
1406,US,4926,74
1407,US,14090,182
1408,US,41291,435
1409,US,8155,101
1410,US,10719,146
1411,US,3098,41
1412,US,9069,165
1413,US,13654,164
1414,US,16256,150
1415,US,8582,155
1416,US,30191,503
1417,US,15090,179
1418,US,61477,794
1419,US,8378,163
1420,US,24235,331
1421,US,6424,111
1422,US,5205,69
1423,US,5774,115
1424,US,14364,160
1425,US,21036,392
1426,US,9107,153
1427,US,96944,723
1428,US,25238,301
1429,US,13373,166
1430,US,47804,614
1431,US,16226,258
1432,US,30065,489
1433,US,14368,175
1434,US,15182,144
1435,US,11067,163
1436,US,5904,87
1437,US,11231,180
1438,US,8172,119
1439,US,51015,661
1440,US,14246,167
1441,US,22957,256
1442,US,6543,106
1443,US,31801,405
1444,US,134438,2008
1445,US,14516,285
1446,US,39768,701
1447,US,268696,3238
1448,US,14072,217
1449,US,2619,30
1450,US,10908,175
1451,US,34476,325
1452,US,12319,174
1453,US,19602,305
1454,US,3119,74
1455,US,15737,177
1456,US,1769,19
1457,US,5941,106
1458,US,6907,137
1459,US,4345,52
1460,US,5883,73
1461,US,4497,55
1462,US,47697,627
1463,US,7909,63
1464,US,3538,92
1465,US,11196,138
1466,US,7013,163
1467,US,10091,150
1468,US,6084,61
1469,US,9473,115
1470,US,17143,191
1471,US,6156,64
1472,US,84866,967
1473,US,5626,112
1474,US,11487,126
1475,US,6403,86
1476,US,2663,22
1477,US,60936,463
1478,US,3996,94
1479,US,0,274
1480,US,2347,23
1481,US,70796,691
1482,US,4932,82
1483,US,35132,453
1484,US,10451,172
1485,US,2380,30
1486,US,24854,262
1487,US,7179,95
1488,US,23519,363
1489,US,7610,144
1490,US,8268,102
1491,US,11448,91
1492,US,1805,52
1493,US,938,15
1494,US,3248,68
1495,US,3432,80
1496,US,1311,25
1497,US,7244,82
1498,US,38980,528
1499,US,6535,70
1500,US,6386,89
1501,US,5539,67
1502,US,6988,66
1503,US,3817,62
1504,US,3072,26
1505,US,5680,84
1506,US,3333,88
1507,US,5035,49
1508,US,12769,181
1509,US,3581,75
1510,US,3163,37
1511,US,2701,43
1512,US,4843,54
1513,US,4033,81
1514,US,13865,173
1515,US,5064,59
1516,US,26870,160
1517,US,1825,35
1518,US,1847,29
1519,US,4777,71
1520,US,11291,165
1521,US,4742,78
1522,US,31008,330
1523,US,2698,56
1524,US,4959,88
1525,US,4184,69
1526,US,2960,50
1527,US,1641,29
1528,US,2051,28
1529,US,3055,50
1530,US,2773,48
1531,US,3998,90
1532,US,3287,51
1533,US,5070,71
1534,US,3846,101
1535,US,6516,84
1536,US,2312,37
1537,US,3073,44
1538,US,2148,51
1539,US,4332,54
1540,US,5537,75
1541,US,10453,124
1542,US,4424,63
1543,US,44987,183
1544,US,6467,84
1545,US,2479,55
1546,US,4362,98
1547,US,9232,149
1548,US,64756,668
1549,US,2949,68
1550,US,2186,34
1551,US,3164,55
1552,US,3704,46
1553,US,5800,95
1554,US,8910,136
1555,US,11469,136
1556,US,4004,47
1557,US,2839,51
1558,US,2091,53
1559,US,2200,52
1560,US,2596,60
1561,US,11265,139
1562,US,3887,73
1563,US,1575,23
1564,US,3845,56
1565,US,2416,41
1566,US,7174,114
1567,US,1942,31
1568,US,147524,1230
1569,US,27969,354
1570,US,4672,65
1571,US,1318,42
1572,US,2888,43
1573,US,49015,449
1574,US,3178,59
1575,US,8987,99
1576,US,23335,104
1577,US,4671,101
1578,US,1535,25
1579,US,0,0
1580,US,3186,56
1581,US,1699,28
1582,US,10439,222
1583,US,14506,157
1584,US,6822,89
1585,US,1520,35
1586,US,12112,186
1587,US,3466,48
1588,US,4503,56
1589,US,33209,357
1590,US,2048,17
1591,US,4051,71
1592,US,5127,65
1593,US,2585,38
1594,US,5063,45
1595,US,1234,13
1596,US,7689,124
1597,US,5619,64
1598,US,3159,51
1599,US,22573,238
1600,US,798,10
1601,US,1000,22
1602,US,7447,99
1603,US,733,16
1604,US,609,8
1605,US,2452,49
1606,US,2672,50
1607,US,2833,48
1608,US,548,18
1609,US,12437,176
1610,US,15195,148
1611,US,790,22
1612,US,5906,107
1613,US,2850,39
1614,US,34368,176
1615,US,679,16
1616,US,699,13
1617,US,8442,92
1618,US,2461,34
1619,US,13435,128
1620,US,12512,123
1621,US,8235,104
1622,US,11418,90
1623,US,967,24
1624,US,757,20
1625,US,2800,40
1626,US,1429,25
1627,US,391,6
1628,US,2222,26
1629,US,553,6
1630,US,1920,29
1631,US,11960,137
1632,US,1137,15
1633,US,509,13
1634,US,4640,40
1635,US,5764,71
1636,US,954,17
1637,US,178296,1377
1638,US,1381,22
1639,US,2341,30
1640,US,775,8
1641,US,7991,89
1642,US,370,12
1643,US,24249,211
1644,US,740,12
1645,US,3490,36
1646,US,1021,16
1647,US,12076,136
1648,US,4032,56
1649,US,2962,51
1650,US,9609,142
1651,US,1439,27
1652,US,9651,107
1653,US,1759,26
1654,US,10986,181
1655,US,1769,33
1656,US,742,12
1657,US,3796,67
1658,US,6105,80
1659,US,907,19
1660,US,2457,39
1661,US,4894,68
1662,US,1012,21
1663,US,1453,24
1664,US,0,0
1665,US,2614,27
1666,US,1691,33
1667,US,7110,70
1668,US,2281,40
1669,US,805,11
1670,US,22806,279
1671,US,1551,22
1672,US,3082,33
1673,US,16451,110
1674,US,1581,21
1675,US,965,24
1676,US,2155,43
1677,US,17109,275
1678,US,1577,38
1679,US,171398,1709
1680,US,8510,71
1681,US,60744,740
1682,US,902,19
1683,US,1812,23
1684,US,839,9
1685,US,1401,32
1686,US,530,12
1687,US,1923,27
1688,US,6649,85
1689,US,3022,31
1690,US,947,15
1691,US,0,0
1692,US,1996,24
1693,US,488,8
1694,US,1633,27
1695,US,598,10
1696,US,3456,56
1697,US,1036,17
1698,US,54648,528
1699,US,7849,115
1700,US,8543,125
1701,US,8514,79
1702,US,1751,38
1703,US,17377,239
1704,US,4665,53
1705,US,11175,173
1706,US,47400,353
1707,US,7822,74
1708,US,22965,212
1709,US,11447,165
1710,US,2761,29
1711,US,5402,72
1712,US,6698,89
1713,US,29211,258
1714,US,4769,58
1715,US,5085,66
1716,US,11819,105
1717,US,30220,212
1718,US,1357,24
1719,US,4334,55
1720,US,12062,123
1721,US,5400,84
1722,US,20166,235
1723,US,14559,83
1724,US,9744,110
1725,US,4788,58
1726,US,2850,59
1727,US,2776,35
1728,US,38888,447
1729,US,3299,57
1730,US,3701,22
1731,US,5308,58
1732,US,123211,727
1733,US,4992,74
1734,US,16967,256
1735,US,18619,192
1736,US,1483,35
1737,US,2809,57
1738,US,6043,93
1739,US,9998,74
1740,US,13675,205
1741,US,10071,151
1742,US,4849,51
1743,US,16837,159
1744,US,3156,30
1745,US,43810,491
1746,US,12843,234
1747,US,8537,91
1748,US,6908,110
1749,US,17694,185
1750,US,6406,61
1751,US,1109,31
1752,US,19791,284
1753,US,5233,84
1754,US,283708,2681
1755,US,19158,168
1756,US,9104,138
1757,US,54205,472
1758,US,6088,77
1759,US,15023,174
1760,US,4832,80
1761,US,27059,290
1762,US,5560,80
1763,US,3512,59
1764,US,5226,60
1765,US,9862,139
1766,US,5767,95
1767,US,8936,151
1768,US,3104,67
1769,US,10360,140
1770,US,3623,41
1771,US,35555,310
1772,US,5149,62
1773,US,8059,92
1774,US,10265,129
1775,US,4235,54
1776,US,6323,118
1777,US,23983,313
1778,US,7724,91
1779,US,3347,62
1780,US,7499,69
1781,US,2376,36
1782,US,9476,118
1783,US,3739,77
1784,US,4508,90
1785,US,11391,128
1786,US,6747,36
1787,US,13325,135
1788,US,19282,171
1789,US,2726,35
1790,US,8965,123
1791,US,23729,164
1792,US,3129,40
1793,US,2098,34
1794,US,4384,43
1795,US,16035,211
1796,US,25198,367
1797,US,6503,51
1798,US,22161,329
1799,US,879,23
1800,US,6680,70
1801,US,9819,79
1802,US,8412,100
1803,US,22918,124
1804,US,16931,186
1805,US,7547,104
1806,US,7089,67
1807,US,11868,146
1808,US,3570,48
1809,US,5128,50
1810,US,2761,48
1811,US,2504,0
1812,US,5532,63
1813,US,55374,428
1814,US,5103,71
1815,US,8354,106
1816,US,4920,52
1817,US,17191,234
1818,US,3577,31
1819,US,9530,60
1820,US,18944,311
1821,US,9060,147
1822,US,45368,311
1823,US,6803,73
1824,US,14381,218
1825,US,11209,145
1826,US,5002,117
1827,US,51124,549
1828,US,88694,1289
1829,US,68184,746
1830,US,4607,58
1831,US,1387,10
1832,US,3141,63
1833,US,4113,85
1834,US,6468,91
1835,US,9787,146
1836,US,144599,1430
1837,US,3349,39
1838,US,8365,179
1839,US,10224,165
1840,US,8879,195
1841,US,7541,100
1842,US,23908,274
1843,US,11668,157
1844,US,5604,85
1845,US,142493,1471
1846,US,8197,174
1847,US,5091,72
1848,US,79177,542
1849,US,35001,411
1850,US,15460,161
1851,US,47327,488
1852,US,3940,65
1853,US,8513,145
1854,US,13037,188
1855,US,114250,1196
1856,US,64890,866
1857,US,0,0
1858,US,7939,49
1859,US,7975,98
1860,US,42728,612
1861,US,2577,59
1862,US,9019,107
1863,US,8030,127
1864,US,14458,120
1865,US,17250,158
1866,US,2276,27
1867,US,7351,80
1868,US,13287,191
1869,US,27848,437
1870,US,15850,199
1871,US,15309,288
1872,US,91451,943
1873,US,45249,674
1874,US,1334,13
1875,US,38963,454
1876,US,1242,0
1877,US,8802,144
1878,US,19103,247
1879,US,11781,202
1880,US,16287,276
1881,US,14458,203
1882,US,9676,93
1883,US,4853,77
1884,US,3364,51
1885,US,5565,75
1886,US,28509,335
1887,US,18328,199
1888,US,66462,498
1889,US,7323,71
1890,US,10199,119
1891,US,30176,309
1892,US,8147,55
1893,US,6944,44
1894,US,0,0
1895,US,14603,177
1896,US,37661,391
1897,US,3929,46
1898,US,7034,48
1899,US,12972,123
1900,US,1,0
1901,US,8086,80
1902,US,5748,72
1903,US,52008,361
1904,US,21731,392
1905,US,119808,1277
1906,US,172399,2826
1907,US,149524,1966
1908,US,14785,173
1909,US,7330,92
1910,US,28133,475
1911,US,20355,286
1912,US,38706,408
1913,US,9556,116
1914,US,58504,620
1915,US,7197,124
1916,US,50109,679
1917,US,64177,462
1918,US,3953,79
1919,US,245966,2375
1920,US,229478,2386
1921,US,8845,131
1922,US,6190,79
1923,US,24582,251
1924,US,7234,115
1925,US,0,35
1926,US,40989,643
1927,US,24868,366
1928,US,10878,188
1929,US,49617,785
1930,US,35456,480
1931,US,182344,2555
1932,US,8316,26
1933,US,256987,3272
1934,US,14736,198
1935,US,172065,2138
1936,US,39721,453
1937,US,437431,4822
1938,US,173673,2330
1939,US,143587,1962
1940,US,268158,2242
1941,US,201538,5
1942,US,240708,3065
1943,US,1933,79
1944,US,2125,19
1945,US,32211,404
1946,US,6584,161
1947,US,5281,76
1948,US,3914,88
1949,US,2613,62
1950,US,16986,193
1951,US,31763,690
1952,US,4143,77
1953,US,42080,691
1954,US,13520,214
1955,US,42622,686
1956,US,13133,172
1957,US,5871,70
1958,US,5802,131
1959,US,10283,120
1960,US,8182,185
1961,US,28166,240
1962,US,3200,37
1963,US,12472,191
1964,US,9390,131
1965,US,35077,474
1966,US,7617,109
1967,US,329,5
1968,US,125355,2020
1969,US,6802,135
1970,US,4306,78
1971,US,21552,275
1972,US,13048,211
1973,US,12764,225
1974,US,9587,108
1975,US,9757,166
1976,US,84928,909
1977,US,20016,208
1978,US,5696,177
1979,US,3614,101
1980,US,17995,238
1981,US,50425,645
1982,US,75822,819
1983,US,4512,70
1984,US,201888,1859
1985,US,664,16
1986,US,2471,42
1987,US,24350,476
1988,US,4441,67
1989,US,30950,365
1990,US,58293,540
1991,US,1676,24
1992,US,2997,40
1993,US,300709,4613
1994,US,4865,107
1995,US,19376,170
1996,US,8357,117
1997,US,10312,129
1998,US,7183,85
1999,US,42516,181
2000,US,23527,265
2001,US,3591,71
2002,US,48415,538
2003,US,17949,247
2004,US,1998,53
2005,US,48751,722
2006,US,13711,183
2007,US,385029,4563
2008,US,7754,106
2009,US,5082,121
2010,US,1344,45
2011,US,6012,99
2012,US,1696,61
2013,US,6790,117
2014,US,87973,928
2015,US,9333,55
2016,US,2383,66
2017,US,5630,130
2018,US,61110,1087
2019,US,10617,226
2020,US,2234,19
2021,US,22230,269
2022,US,50560,947
2023,US,16096,238
2024,US,15728,316
2025,US,29,0
2026,US,20826,333
2027,US,109512,643
2028,US,537017,9107
2029,US,8674,129
2030,US,3702,65
2031,US,119415,886
2032,US,10509,102
2033,US,14406,141
2034,US,17064,202
2035,US,1781,11
2036,US,21404,126
2037,US,7995,90
2038,US,11461,124
2039,US,32053,145
2040,US,8642,96
2041,US,3828,55
2042,US,17290,135
2043,US,23726,140
2044,US,2543,32
2045,US,826,6
2046,US,3796,43
2047,US,19391,190
2048,US,137144,912
2049,US,6739,24
2050,US,13432,140
2051,US,4474,61
2052,US,5885,36
2053,US,10580,91
2054,US,15617,155
2055,US,1822,16
2056,US,386090,2952
2057,US,5497,28
2058,US,6122,70
2059,US,11756,132
2060,US,13638,175
2061,US,2675,22
2062,US,4362,62
2063,US,15945,152
2064,US,1253,32
2065,US,3717,44
2066,US,2201,31
2067,US,2651,35
2068,US,927,7
2069,US,7498,55
2070,US,1520,7
2071,US,8301,82
2072,US,2190,19
2073,US,2530,25
2074,US,6695,76
2075,US,13049,122
2076,US,7209,83
2077,US,8464,135
2078,US,11179,120
2079,US,13867,83
2080,US,2401,22
2081,US,9889,76
2082,US,8185,66
2083,US,1801,17
2084,US,53171,230
2085,US,16465,191
2086,US,4333,44
2087,US,8584,76
2088,US,2408,37
2089,US,10695,128
2090,US,3984,24
2091,US,159678,1544
2092,US,1071,14
2093,US,4785,58
2094,US,4573,59
2095,US,20749,208
2096,US,2788,35
2097,US,5066,48
2098,US,48027,295
2099,US,31981,200
2100,US,4257,29
2101,US,60656,623
2102,US,61649,422
2103,US,12045,77
2104,US,3314,17
2105,US,2726,34
2106,US,8475,73
2107,US,1047,12
2108,US,896,421
2109,US,6678,20
2110,US,5241,67
2111,US,6373,46
2112,US,82684,571
2113,US,3458,26
2114,US,1951,26
2115,US,15942,84
2116,US,42819,344
2117,US,3160,33
2118,US,8590,153
2119,US,12815,174
2120,US,3885,70
2121,US,6811,124
2122,US,2819,51
2123,US,11630,194
2124,US,5590,79
2125,US,3088,59
2126,US,7015,105
2127,US,2901,36
2128,US,2565,50
2129,US,4890,112
2130,US,6224,104
2131,US,8205,139
2132,US,9238,129
2133,US,8683,122
2134,US,61488,593
2135,US,27523,330
2136,US,2368,40
2137,US,8780,92
2138,US,3897,61
2139,US,6443,142
2140,US,14973,163
2141,US,66104,714
2142,US,68037,859
2143,US,5247,107
2144,US,2397,48
2145,US,307,9
2146,US,9449,152
2147,US,45938,503
2148,US,6153,86
2149,US,1791,40
2150,US,3669,57
2151,US,26502,316
2152,US,2648,52
2153,US,18938,189
2154,US,22073,170
2155,US,22120,386
2156,US,4566,61
2157,US,7703,127
2158,US,34009,333
2159,US,8667,183
2160,US,10505,166
2161,US,21310,258
2162,US,31893,353
2163,US,8795,152
2164,US,12052,191
2165,US,13798,232
2166,US,3702,83
2167,US,12873,247
2168,US,7137,107
2169,US,3635,52
2170,US,13773,173
2171,US,12443,180
2172,US,17821,289
2173,US,3754,66
2174,US,12832,196
2175,US,12842,159
2176,US,10252,115
2177,US,1835,35
2178,US,47012,529
2179,US,7887,123
2180,US,1169,28
2181,US,8673,161
2182,US,5063,72
2183,US,6731,82
2184,US,7106,135
2185,US,3888,71
2186,US,8703,158
2187,US,8946,117
2188,US,7721,123
2189,US,3057,50
2190,US,0,0
2191,US,11645,136
2192,US,4689,84
2193,US,12825,219
2194,US,13015,214
2195,US,6967,91
2196,US,4069,76
2197,US,1943,47
2198,US,6747,105
2199,US,4831,63
2200,US,10078,118
2201,US,6722,71
2202,US,5665,66
2203,US,1815,24
2204,US,6866,125
2205,US,7963,151
2206,US,3371,56
2207,US,4457,102
2208,US,5499,113
2209,US,3260,48
2210,US,53197,299
2211,US,29734,349
2212,US,12433,182
2213,US,2076,42
2214,US,14439,148
2215,US,10881,197
2216,US,23434,275
2217,US,2691,48
2218,US,1761,24
2219,US,30193,348
2220,US,3751,61
2221,US,1996,43
2222,US,24975,292
2223,US,1922,49
2224,US,33549,412
2225,US,5749,130
2226,US,24120,306
2227,US,4792,81
2228,US,6579,117
2229,US,1815,49
2230,US,4697,83
2231,US,2027,32
2232,US,2551,51
2233,US,3966,93
2234,US,3059,87
2235,US,9718,138
2236,US,31433,415
2237,US,4094,115
2238,US,2690,37
2239,US,84976,1156
2240,US,3140,75
2241,US,2465,36
2242,US,7064,96
2243,US,2408,59
2244,US,1314,34
2245,US,2972,38
2246,US,10995,233
2247,US,2695,50
2248,US,121175,1389
2249,US,40835,585
2250,US,67882,750
2251,US,14723,153
2252,US,139772,1350
2253,US,1189,16
2254,US,9621,193
2255,US,9250,146
2256,US,9297,186
2257,US,3365,44
2258,US,18483,162
2259,US,3167,76
2260,US,4454,109
2261,US,4264,68
2262,US,4264,59
2263,US,1966,42
2264,US,9802,135
2265,US,6205,80
2266,US,903,17
2267,US,7090,129
2268,US,4425,65
2269,US,4386,61
2270,US,2509,52
2271,US,3116,63
2272,US,4920,125
2273,US,6109,93
2274,US,13831,223
2275,US,7218,51
2276,US,2432,41
2277,US,3793,52
2278,US,2035,66
2279,US,3800,87
2280,US,6336,51
2281,US,14937,191
2282,US,12903,263
2283,US,5220,65
2284,US,12814,108
2285,US,9932,121
2286,US,10785,132
2287,US,1177,26
2288,US,2948,30
2289,US,7202,116
2290,US,6208,102
2291,US,1392,27
2292,US,3194,68
2293,US,7228,118
2294,US,896,26
2295,US,839,20
2296,US,13875,172
2297,US,1916,43
2298,US,2075,18
2299,US,119652,1050
2300,US,2618,45
2301,US,23553,330
2302,US,294789,3746
2303,US,76241,869
2304,US,4846,42
2305,US,7191,152
2306,US,6942,132
2307,US,2048,29
2308,US,16064,252
2309,US,5677,113
2310,US,0,0
2311,US,6150,116
2312,US,9926,116
2313,US,7086,154
2314,US,2979,58
2315,US,10347,165
2316,US,559,5
2317,US,4585,95
2318,US,2469,32
2319,US,5861,103
2320,US,2590,34
2321,US,1545,22
2322,US,2465,30
2323,US,291,5
2324,US,30042,375
2325,US,1360,15
2326,US,3518,53
2327,US,485,9
2328,US,2767,60
2329,US,3255,30
2330,US,798,12
2331,US,2966,61
2332,US,33849,303
2333,US,41596,134
2334,US,251,3
2335,US,4730,77
2336,US,178,5
2337,US,672,10
2338,US,5400,77
2339,US,3149,26
2340,US,283,1
2341,US,8334,107
2342,US,21851,202
2343,US,528,4
2344,US,5632,96
2345,US,2392,23
2346,US,452,9
2347,US,597,12
2348,US,1367,17
2349,US,34011,224
2350,US,1107,31
2351,US,5132,39
2352,US,45,1
2353,US,1146,30
2354,US,1477,11
2355,US,418,10
2356,US,2218,32
2357,US,292,4
2358,US,8512,173
2359,US,3014,39
2360,US,4013,76
2361,US,3112,63
2362,US,2435,53
2363,US,917,13
2364,US,9930,139
2365,US,1731,32
2366,US,911,13
2367,US,1539,27
2368,US,1411,25
2369,US,148,1
2370,US,0,0
2371,US,2164,42
2372,US,459,14
2373,US,246,8
2374,US,51325,605
2375,US,7830,92
2376,US,1295,20
2377,US,34,1
2378,US,104,2
2379,US,76,4
2380,US,1285,15
2381,US,2524,26
2382,US,485,13
2383,US,655,7
2384,US,14323,149
2385,US,1546,26
2386,US,2320,20
2387,US,7291,55
2388,US,1759,28
2389,US,891,11
2390,US,637,14
2391,US,2403,30
2392,US,1740,33
2393,US,2972,32
2394,US,2046,27
2395,US,2397,39
2396,US,7991,87
2397,US,1512,26
2398,US,5975,90
2399,US,360,4
2400,US,1405,19
2401,US,12048,162
2402,US,179702,1296
2403,US,410,6
2404,US,1319,19
2405,US,509,14
2406,US,621,4
2407,US,1327,18
2408,US,4614,62
2409,US,486,5
2410,US,469,11
2411,US,452,9
2412,US,114,6
2413,US,470,7
2414,US,19550,192
2415,US,2851,28
2416,US,395,7
2417,US,109,0
2418,US,636,14
2419,US,2615,26
2420,US,129,5
2421,US,1341,26
2422,US,1434,15
2423,US,945,19
2424,US,1422,13
2425,US,1796,31
2426,US,136,0
2427,US,832,16
2428,US,1969,19
2429,US,94771,481
2430,US,10809,147
2431,US,164,0
2432,US,92,0
2433,US,11571,86
2434,US,77,1
2435,US,2076,27
2436,US,1351,36
2437,US,898,18
2438,US,1597,31
2439,US,1104,19
2440,US,3903,29
2441,US,520,8
2442,US,579,13
2443,US,2783,27
2444,US,1541,29
2445,US,10382,89
2446,US,1382,27
2447,US,2707,28
2448,US,2285,35
2449,US,194,3
2450,US,4452,19
2451,US,58879,338
2452,US,5594,58
2453,US,11443,156
2454,US,3759,57
2455,US,1145,41
2456,US,688,9
2457,US,82,1
2458,US,757,13
2459,US,1298,13
2460,US,113,1
2461,US,2146,37
2462,US,1502,21
2463,US,875,12
2464,US,5492,54
2465,US,2142,19
2466,US,851,15
2467,US,139,2
2468,US,4726,36
2469,US,17441,238
2470,US,7624,123
2471,US,671243,9313
2472,US,8816,98
2473,US,12918,152
2474,US,124,5
2475,US,191,2
2476,US,2791,67
2477,US,1350,22
2478,US,681,11
2479,US,12266,185
2480,US,1503,20
2481,US,9156,305
2482,US,2361,32
2483,US,197,14
2484,US,11506,0
2485,US,128178,1309
2486,US,1776,26
2487,US,17508,217
2488,US,12304,76
2489,US,19089,134
2490,US,8341,134
2491,US,23354,103
2492,US,121573,1042
2493,US,40280,308
2494,US,84642,655
2495,US,37116,249
2496,US,11891,84
2497,US,2330,1
2498,US,91788,1083
2499,US,326525,3733
2500,US,141872,1377
2501,US,169517,1974
2502,US,30511,332
2503,US,52840,664
2504,US,291824,3771
2505,US,91632,1051
2506,US,238646,2855
2507,US,34702,307
2508,US,111477,1348
2509,US,275803,3040
2510,US,223671,2384
2511,US,165862,1678
2512,US,215999,3282
2513,US,193557,2460
2514,US,18584,262
2515,US,98247,1030
2516,US,45639,519
2517,US,1646,0
2518,US,196497,2498
2519,US,32145,367
2520,US,197256,2251
2521,US,530,23
2522,US,24728,362
2523,US,9347,213
2524,US,2806,71
2525,US,15396,235
2526,US,755,6
2527,US,76839,937
2528,US,19276,327
2529,US,9894,115
2530,US,1375,18
2531,US,103,4
2532,US,1339,17
2533,US,22978,410
2534,US,6600,75
2535,US,4587,25
2536,US,8014,152
2537,US,33328,656
2538,US,986,22
2539,US,17130,228
2540,US,2564,70
2541,US,13353,167
2542,US,6228,110
2543,US,52461,863
2544,US,7662,85
2545,US,45050,516
2546,US,40271,400
2547,US,2495,87
2548,US,4752,102
2549,US,7287,108
2550,US,3331,61
2551,US,7215,0
2552,US,933,20
2553,US,24060,325
2554,US,79420,617
2555,US,10902,164
2556,US,553117,8529
2557,US,59296,604
2558,US,19417,252
2559,US,20651,182
2560,US,29741,340
2561,US,26845,265
2562,US,11907,141
2563,US,22943,132
2564,US,14041,175
2565,US,13569,135
2566,US,10245,93
2567,US,85482,739
2568,US,271310,2922
2569,US,7832,84
2570,US,12239,58
2571,US,16758,186
2572,US,16743,208
2573,US,11130,155
2574,US,1105,5
2575,US,17616,214
2576,US,27473,160
2577,US,963672,14205
2578,US,7412,58
2579,US,14516,141
2580,US,16984,146
2581,US,193746,1854
2582,US,15172,238
2583,US,550940,4337
2584,US,596334,6168
2585,US,60061,637
2586,US,69636,881
2587,US,143714,1207
2588,US,26432,222
2589,US,146219,1255
2590,US,10655,131
2591,US,34956,238
2592,US,13425,108
2593,US,0,563
2594,US,31777,149
2595,US,904779,13415
2596,US,42135,316
2597,US,227585,2708
2598,US,119199,978
2599,US,62003,417
2600,US,44064,379
2601,US,6647,44
2602,US,4364,32
2603,US,7754,95
2604,US,26587,223
2605,US,25561,278
2606,US,569776,4963
2607,US,24840,154
2608,US,14190,95
2609,US,26871,102
2610,US,43566,420
2611,US,985,2
2612,US,19090,157
2613,US,16025,137
2614,US,22104,203
2615,US,336689,3002
2616,US,10020,96
2617,US,4471,43
2618,US,61903,572
2619,US,12774,159
2620,US,3767,21
2621,US,8468,113
2622,US,7621,95
2623,US,5553,48
2624,US,16121,187
2625,US,5475,78
2626,US,12133,149
2627,US,41118,378
2628,US,71015,701
2629,US,32001,366
2630,US,72323,567
2631,US,30392,357
2632,US,2207,10
2633,US,18539,164
2634,US,6639,61
2635,US,60653,678
2636,US,18211,131
2637,US,8781,137
2638,US,5296,66
2639,US,3486,51
2640,US,36816,453
2641,US,19242,294
2642,US,32145,263
2643,US,116118,740
2644,US,6320,40
2645,US,10060,33
2646,US,56254,500
2647,US,14938,124
2648,US,20962,263
2649,US,103313,395
2650,US,17608,178
2651,US,125590,969
2652,US,26480,96
2653,US,81942,970
2654,US,2457,22
2655,US,2968,31
2656,US,19634,129
2657,US,7207,78
2658,US,160748,1459
2659,US,18892,206
2660,US,42805,377
2661,US,17219,262
2662,US,33308,374
2663,US,6384,101
2664,US,19537,140
2665,US,1706,15
2666,US,61898,551
2667,US,12191,109
2668,US,75853,501
2669,US,2916,49
2670,US,20141,177
2671,US,20330,248
2672,US,30371,205
2673,US,9815,138
2674,US,6307,90
2675,US,7620,100
2676,US,17360,196
2677,US,368329,1892
2678,US,4779,43
2679,US,9045,148
2680,US,31722,381
2681,US,32682,372
2682,US,64577,467
2683,US,5934,97
2684,US,65255,431
2685,US,39406,158
2686,US,3471,37
2687,US,10706,135
2688,US,18749,154
2689,US,3569,26
2690,US,12184,120
2691,US,67103,287
2692,US,5049,72
2693,US,44680,513
2694,US,16470,212
2695,US,52256,598
2696,US,27690,329
2697,US,51689,636
2698,US,21683,433
2699,US,23581,211
2700,US,12892,148
2701,US,24087,291
2702,US,15641,205
2703,US,28679,421
2704,US,5021,53
2705,US,8370,87
2706,US,1228,10
2707,US,0,0
2708,US,79423,531
2709,US,15882,137
2710,US,391609,1311
2711,US,5862,52
2712,US,3908,57
2713,US,15101,78
2714,US,42033,452
2715,US,23073,308
2716,US,27780,360
2717,US,15174,144
2718,US,6341,70
2719,US,689,10
2720,US,3601,47
2721,US,2288,23
2722,US,170,1
2723,US,1887,26
2724,US,932,9
2725,US,491,3
2726,US,41126,303
2727,US,71291,333
2728,US,975,7
2729,US,1794,39
2730,US,599,4
2731,US,1198,8
2732,US,896,6
2733,US,840,18
2734,US,1169,23
2735,US,515,4
2736,US,27002,125
2737,US,556,11
2738,US,678,2
2739,US,957,8
2740,US,597,13
2741,US,1168,20
2742,US,557,12
2743,US,1576,31
2744,US,896,9
2745,US,3650,25
2746,US,3182,49
2747,US,2997,24
2748,US,13245,142
2749,US,3882,37
2750,US,930,18
2751,US,378,5
2752,US,2396,16
2753,US,1250,32
2754,US,4354,57
2755,US,1926,28
2756,US,664,15
2757,US,4803,23
2758,US,7963,43
2759,US,1310,9
2760,US,345,7
2761,US,1658,19
2762,US,72,0
2763,US,13816,86
2764,US,436,2
2765,US,8281,97
2766,US,759,12
2767,US,2491,26
2768,US,0,238
2769,US,4134,34
2770,US,24090,251
2771,US,1219,12
2772,US,12271,68
2773,US,13666,41
2774,US,8909,165
2775,US,33974,510
2776,US,14914,236
2777,US,25902,472
2778,US,19996,158
2779,US,14299,203
2780,US,19256,344
2781,US,14169,198
2782,US,116682,1254
2783,US,6332,136
2784,US,10797,159
2785,US,43582,624
2786,US,65558,619
2787,US,12831,184
2788,US,29780,512
2789,US,10094,169
2790,US,14216,230
2791,US,350654,4130
2792,US,15106,249
2793,US,12408,176
2794,US,56138,304
2795,US,25021,294
2796,US,47453,463
2797,US,9405,134
2798,US,366781,2832
2799,US,12628,185
2800,US,10502,141
2801,US,20552,294
2802,US,48477,544
2803,US,13659,166
2804,US,238207,2240
2805,US,21443,296
2806,US,8837,167
2807,US,4144,82
2808,US,7901,114
2809,US,13505,190
2810,US,8642,132
2811,US,5859,191
2812,US,17989,232
2813,US,11837,150
2814,US,18813,345
2815,US,16550,250
2816,US,61985,826
2817,US,24462,290
2818,US,52928,523
2819,US,12777,180
2820,US,89885,1064
2821,US,126129,1523
2822,US,11605,145
2823,US,67576,1189
2824,US,24520,287
2825,US,50941,541
2826,US,6419,106
2827,US,11372,147
2828,US,31994,519
2829,US,4247,85
2830,US,162583,2215
2831,US,4123,62
2832,US,9404,113
2833,US,31774,324
2834,US,3911,61
2835,US,10862,154
2836,US,5564,78
2837,US,10359,134
2838,US,21284,243
2839,US,9998,138
2840,US,44355,489
2841,US,11659,208
2842,US,9940,166
2843,US,39253,548
2844,US,25027,327
2845,US,17612,263
2846,US,27836,282
2847,US,15784,250
2848,US,13326,203
2849,US,98019,1827
2850,US,143348,1859
2851,US,52689,1018
2852,US,25479,543
2853,US,0,2
2854,US,19949,117
2855,US,8157,162
2856,US,3697,60
2857,US,72639,647
2858,US,15502,247
2859,US,28587,476
2860,US,11940,175
2861,US,38658,395
2862,US,6692,111
2863,US,9855,79
2864,US,1885,17
2865,US,4723,58
2866,US,1185,11
2867,US,7303,109
2868,US,2931,51
2869,US,17397,149
2870,US,10214,191
2871,US,48385,434
2872,US,19415,266
2873,US,17565,167
2874,US,5068,73
2875,US,714,9
2876,US,100720,909
2877,US,2119,26
2878,US,39391,432
2879,US,1698,35
2880,US,6017,63
2881,US,22790,362
2882,US,9756,181
2883,US,13701,222
2884,US,1237,35
2885,US,1040,12
2886,US,18127,318
2887,US,8648,157
2888,US,17218,267
2889,US,1260,17
2890,US,1601,43
2891,US,904,15
2892,US,838,13
2893,US,3324,42
2894,US,3106,67
2895,US,8265,116
2896,US,1602,29
2897,US,3934,60
2898,US,15752,236
2899,US,4859,74
2900,US,2410,59
2901,US,2721,42
2902,US,15575,120
2903,US,9963,152
2904,US,13632,179
2905,US,3983,46
2906,US,2550,44
2907,US,5692,48
2908,US,13322,178
2909,US,14811,145
2910,US,9740,176
2911,US,5557,133
2912,US,5345,88
2913,US,24414,384
2914,US,3610,48
2915,US,3232,46
2916,US,4249,66
2917,US,245039,2735
2918,US,11739,212
2919,US,13936,186
2920,US,11692,136
2921,US,0,0
2922,US,5072,88
2923,US,23351,194
2924,US,13876,234
2925,US,16719,171
2926,US,26892,317
2927,US,3278,48
2928,US,1117,16
2929,US,31643,415
2930,US,7783,144
2931,US,12951,117
2932,US,13523,217
2933,US,7045,58
2934,US,1828,38
2935,US,212876,2396
2936,US,152,2164
2937,US,27073,304
2938,US,15779,291
2939,US,3299,59
2940,US,2738,46
2941,US,6175,87
2942,US,3839,64
2943,US,22192,93
2944,US,84357,811
2945,US,6364,63
2946,US,10160,123
2947,US,14955,198
2948,US,7955,98
2949,US,4676,70
2950,US,61720,389
2951,US,26067,472
2952,US,324,6
2953,US,2251,26
2954,US,1972,42
2955,US,4681,49
2956,US,54594,637
2957,US,9056,105
2958,US,20978,412
2959,US,17950,255
2960,US,1653,34
2961,US,79852,713
2962,US,9333,113
2963,US,33388,335
2964,US,9721,126
2965,US,88351,854
2966,US,3404,37
2967,US,171526,1480
2968,US,20575,169
2969,US,390,6
2970,US,5031,79
2971,US,26508,252
2972,US,3,0
2973,US,5848,95
2974,US,1576,23
2975,US,6709,77
2976,US,122406,783
2977,US,303,3
2978,US,22896,281
2979,US,31676,424
2980,US,339976,3838
2981,US,18397,386
2982,US,49038,848
2983,US,12845,289
2984,US,126969,1778
2985,US,35199,689
2986,US,20762,234
2987,US,156462,2167
2988,US,55245,835
2989,US,43568,815
2990,US,1035,22
2991,US,20240,346
2992,US,44220,397
2993,US,117917,1336
2994,US,9927,223
2995,US,24425,399
2996,US,11183,142
2997,US,19721,277
2998,US,24932,363
2999,US,63042,974
3000,US,72651,1080
3001,US,141966,2086
3002,US,8605,121
3003,US,72139,899
3004,US,39057,759
3005,US,2550,35
3006,US,51643,801
3007,US,5067,73
3008,US,10696,120
3009,US,13887,280
3010,US,21937,396
3011,US,11268,266
3012,US,5742,193
3013,US,59181,908
3014,US,150890,2090
3015,US,23172,465
3016,US,45680,574
3017,US,111635,1396
3018,US,94872,1586
3019,US,35015,590
3020,US,9809,175
3021,US,28403,546
3022,US,15166,304
3023,US,48163,596
3024,US,200208,2657
3025,US,5989,98
3026,US,100150,1250
3027,US,28684,591
3028,US,10451,198
3029,US,394710,5549
3030,US,13435,112
3031,US,3882,104
3032,US,42680,759
3033,US,9772,169
3034,US,22271,443
3035,US,1390,38
3036,US,10136,135
3037,US,10189,221
3038,US,0,0
3039,US,13563,159
3040,US,13835,272
3041,US,9754,242
3042,US,63639,730
3043,US,13364,204
3044,US,99366,1557
3045,US,6563,121
3046,US,147850,1668
3047,US,6873,0
3048,US,12796,0
3049,US,16396,0
3050,US,8382,0
3051,US,8444,0
3052,US,8391,0
3053,US,29855,0
3054,US,5679,0
3055,US,7631,0
3056,US,9554,0
3057,US,66656,0
3058,US,14231,0
3059,US,44456,0
3060,US,11445,0
3061,US,13002,0
3062,US,51188,0
3063,US,7355,0
3064,US,14712,0
3065,US,3256,0
3066,US,5339,0
3067,US,14325,0
3068,US,11733,0
3069,US,6058,0
3070,US,12137,0
3071,US,540,0
3072,US,12356,0
3073,US,9675,0
3074,US,4760,0
3075,US,3938,0
3076,US,12231,0
3077,US,5881,0
3078,US,30371,0
3079,US,14835,0
3080,US,12064,0
3081,US,5091,0
3082,US,17357,0
3083,US,14284,0
3084,US,5642,0
3085,US,14766,0
3086,US,12948,0
3087,US,6978,0
3088,US,11260,0
3089,US,2889,0
3090,US,12316,0
3091,US,5705,0
3092,US,5221,0
3093,US,12613,0
3094,US,1620,0
3095,US,3340,0
3096,US,22561,0
3097,US,13331,0
3098,US,9268,0
3099,US,7354,0
3100,US,9769,0
3101,US,6613,0
3102,US,434,0
3103,US,5801,0
3104,US,5880,0
3105,US,42065,0
3106,US,9062,0
3107,US,4406,0
3108,US,14471,0
3109,US,6516,0
3110,US,8543,0
3111,US,9243,0
3112,US,101521,0
3113,US,11965,0
3114,US,13872,0
3115,US,6709,0
3116,US,21933,0
3117,US,24623,0
3118,US,19390,0
3119,US,25651,5823
3120,US,8357,0
3121,US,12092,0
3122,US,20382,0
3123,US,1800,0
3124,US,7630,0
3125,US,10310,0
3126,US,11342,0
3127,US,0,0
3128,US,17778,193
3129,US,64423,572
3130,US,26526,106
3131,US,278748,2724
3132,US,30145,3
3133,US,43077,272
3134,US,7826,78
3135,US,52428,457
3136,US,2429,24
3137,US,70200,1112
3138,US,4295,80
3139,US,6803,106
3140,US,54220,436
3141,US,66396,494
3142,US,3615,63
3143,US,139282,1051
3144,US,18526,334
3145,US,12714,162
3146,US,14947,211
3147,US,10814,169
3148,US,11436,233
3149,US,22359,347
3150,US,11769,156
3151,US,71341,563
3152,US,8423,79
3153,US,7690,116
3154,US,50562,696
3155,US,19822,243
3156,US,207151,2154
3157,US,26923,334
3158,US,6070,95
3159,US,120997,1286
3160,US,7299,101
3161,US,27965,285
3162,US,31562,309
3163,US,23072,321
3164,US,5112,100
3165,US,124164,975
3166,US,10679,172
3167,US,9949,117
3168,US,2756,43
3169,US,16493,225
3170,US,29076,392
3171,US,29721,459
3172,US,54706,689
3173,US,161232,1050
3174,US,4681,86
3175,US,117410,1663
3176,US,35665,437
3177,US,0,0
3178,US,9971,169
3179,US,10407,158
3180,US,95610,770
3181,US,899,18
3182,US,5577,64
3183,US,948,16
3184,US,2569,42
3185,US,9517,67
3186,US,12185,135
3187,US,1685,27
3188,US,693,18
3189,US,3252,49
3190,US,306,7
3191,US,3679,38
3192,US,976,12
3193,US,3951,28
3194,US,10635,107
3195,US,1196,18
3196,US,2489,29
3197,US,7083,88
3198,US,1513,40
3199,US,1200,12
3200,US,3436,46
3201,US,825,16
3202,US,1069,17
3203,US,2495,44
3204,US,712,17
3205,US,2425,53
3206,US,1221,34
3207,US,531,12
3208,US,1806,41
3209,US,679,13
3210,US,744,6
3211,US,222,3
3212,US,5115,63
3213,US,2041,39
3214,US,361,9
3215,US,745,21
3216,US,488,20
3217,US,195,2
3218,US,1568,27
3219,US,2635,30
3220,US,7780,88
3221,US,17489,116
3222,US,1432,14
3223,US,955,15
3224,US,1502,32
3225,US,534,16
3226,US,8389,68
3227,US,653,8
3228,US,539,15
3229,US,65212,565
3230,US,1692,30
3231,US,5060,62
3232,US,38893,378
3233,US,805,19
3234,US,810,10
3235,US,2853,57
3236,US,675,8
3237,US,1692,39
3238,US,737,9
3239,US,269,3
3240,US,3914,53
3241,US,1710,29
3242,US,2292,70
3243,US,0,0
3244,US,4371,55
3245,US,1498,28
3246,US,6992,64
3247,US,716,11
3248,US,27983,387
3249,US,18181,251
3250,US,5711,102
3251,US,5424,63
3252,US,49483,534
3253,US,39220,458
3254,US,16089,188
3255,US,5208,76
3256,US,11688,172
3257,US,21598,373
3258,US,13207,143
3259,US,7157,102
3260,US,11258,213
3261,US,2660,58
3262,US,14862,245
3263,US,21036,297
3264,US,6534,89
3265,US,19583,350
3266,US,235552,1844
3267,US,7768,113
3268,US,4571,73
3269,US,20237,269
3270,US,15767,223
3271,US,14255,202
3272,US,7098,144
3273,US,16220,206
3274,US,21964,295
3275,US,11520,213
3276,US,8299,122
3277,US,28001,417
3278,US,4642,81
3279,US,24702,386
3280,US,122069,1281
3281,US,2639,43
3282,US,9533,140
3283,US,10917,174
3284,US,21720,376
3285,US,8063,109
3286,US,11166,183
3287,US,10220,179
3288,US,8560,123
3289,US,3063,65
3290,US,6156,86
3291,US,3904,68
3292,US,19808,309
3293,US,6116,111
3294,US,159870,1601
3295,US,3184,47
3296,US,9432,114
3297,US,16971,230
3298,US,4164,69
3299,US,11797,187
3300,US,18847,227
3301,US,10411,160
3302,US,39819,480
3303,US,11097,141
3304,US,12736,137
3305,US,35082,383
3306,US,20057,288
3307,US,9583,144
3308,US,4175,63
3309,US,18390,277
3310,US,63699,638
3311,US,2744,41
3312,US,7856,96
3313,US,13497,217
3314,US,63194,292
3315,US,8675,134
3316,US,2810,60
3317,US,2195,39
3318,US,5650,90
3319,US,29759,323
3320,US,11818,172
3321,US,19707,271
3322,US,26090,333
3323,US,117004,986
3324,US,12228,140
3325,US,5167,74
3326,US,36653,450
3327,US,293983,3677
3328,US,7332,99
3329,US,3773,71
3330,US,60331,817
3331,US,65582,810
3332,US,22044,264
3333,US,4738,48
3334,US,43303,257
3335,US,6820,106
3336,US,7006,84
3337,US,2259,50
3338,US,15830,192
3339,US,49960,551
3340,US,6886,88
3341,US,11851,180
3342,US,9884,145
3343,US,76189,449
3344,US,51586,535
3345,US,10975,256
3346,US,5093,74
3347,US,17089,504
3348,US,5550,98
3349,US,2646,30
3350,US,696,10
3351,US,15748,240
3352,US,7014,84
3353,US,1763,39
3354,US,4317,80
3355,US,27354,254
3356,US,937,33
3357,US,9990,155
3358,US,86419,945
3359,US,698806,6512
3360,US,3221,35
3361,US,124,2
3362,US,4896,76
3363,US,24695,456
3364,US,117112,1039
3365,US,75241,448
3366,US,1365,34
3367,US,583,8
3368,US,2083,55
3369,US,15286,238
3370,US,6131,68
3371,US,13620,180
3372,US,17753,186
3373,US,7082,54
3374,US,3508,80
3375,US,135396,2120
3376,US,3600,78
3377,US,1753,38
3378,US,8936,204
3379,US,2811,48
3380,US,12877,74
3381,US,9901,261
3382,US,3056,35
3383,US,2533,44
3384,US,1040,25
3385,US,1083,21
3386,US,2090,77
3387,US,276773,1621
3388,US,898,17
3389,US,4592,68
3390,US,43326,583
3391,US,4047,83
3392,US,1402,14
3393,US,8575,146
3394,US,21396,235
3395,US,392,9
3396,US,1555,25
3397,US,1397,20
3398,US,2311,46
3399,US,558,14
3400,US,2446,44
3401,US,696583,7133
3402,US,3589,101
3403,US,7311,112
3404,US,5833,118
3405,US,2070,27
3406,US,224101,1447
3407,US,522,16
3408,US,6204,52
3409,US,1327,26
3410,US,4364,74
3411,US,3433,120
3412,US,44146,734
3413,US,584,12
3414,US,256001,3895
3415,US,57881,616
3416,US,10013,132
3417,US,4498,70
3418,US,8129,193
3419,US,5504,118
3420,US,736,27
3421,US,2362,50
3422,US,254,12
3423,US,245946,1247
3424,US,2675,46
3425,US,4320,87
3426,US,6685,95
3427,US,2403,85
3428,US,120012,901
3429,US,1506,30
3430,US,6290,120
3431,US,234,3
3432,US,1567,34
3433,US,5373,106
3434,US,7119,133
3435,US,31791,684
3436,US,27227,724
3437,US,10216,128
3438,US,45756,429
3439,US,8499,251
3440,US,1310,24
3441,US,2112,36
3442,US,2337,31
3443,US,650,21
3444,US,14666,261
3445,US,1275028,11623
3446,US,15858,238
3447,US,1503,3
3448,US,1133,40
3449,US,78740,570
3450,US,1482,9
3451,US,18557,446
3452,US,267945,4032
3453,US,10221,204
3454,US,9445,169
3455,US,15046,299
3456,US,8749,193
3457,US,5013,121
3458,US,8056,193
3459,US,1173,18
3460,US,19874,375
3461,US,7653,149
3462,US,605,3
3463,US,1667,32
3464,US,3991,63
3465,US,8235,202
3466,US,278,10
3467,US,63229,880
3468,US,3805,23
3469,US,14214,225
3470,US,52246,782
3471,US,5359,97
3472,US,6403,75
3473,US,42740,559
3474,US,9830,134
3475,US,104,2
3476,US,223,4
3477,US,11089,204
3478,US,939,16
3479,US,56,0
3480,US,831,14
3481,US,9297,155
3482,US,656,25
3483,US,2597,50
3484,US,12051,281
3485,US,5222,127
3486,US,6392,96
3487,US,4916,124
3488,US,5254,63
3489,US,4321,95
3490,US,22288,417
3491,US,6117,137
3492,US,811,17
3493,US,2427,43
3494,US,5125,102
3495,US,403,1
3496,US,113683,1394
3497,US,1706,41
3498,US,4330,59
3499,US,2041,62
3500,US,1412,26
3501,US,1059,13
3502,US,10324,185
3503,US,24188,479
3504,US,1957,51
3505,US,75252,971
3506,US,186,10
3507,US,12177,213
3508,US,658,13
3509,US,48100,516
3510,US,6024,109
3511,US,1622,39
3512,US,2122,52
3513,US,5412,136
3514,US,172263,1383
3515,US,6348,115
3516,US,3028,76
3517,US,325,13
3518,US,15006,280
3519,US,14507,233
3520,US,1756,64
3521,US,3569,108
3522,US,119838,1586
3523,US,2674,50
3524,US,650,6
3525,US,17274,381
3526,US,8074,158
3527,US,5801,138
3528,US,40456,491
3529,US,2689,54
3530,US,3642,72
3531,US,9374,265
3532,US,43535,788
3533,US,1215,42
3534,US,2274,62
3535,US,29975,513
3536,US,999,16
3537,US,1023,25
3538,US,2772,74
3539,US,5644,77
3540,US,2296,40
3541,US,197,2
3542,US,5392,79
3543,US,31784,285
3544,US,2756,72
3545,US,12738,244
3546,US,1536,94
3547,US,1222,47
3548,US,6750,110
3549,US,14586,363
3550,US,1503,40
3551,US,601,9
3552,US,6167,108
3553,US,1101,12
3554,US,5401,139
3555,US,540,16
3556,US,57251,1019
3557,US,2230,37
3558,US,24248,390
3559,US,2138,53
3560,US,332,9
3561,US,424,7
3562,US,943,14
3563,US,2690,34
3564,US,687595,6387
3565,US,40969,773
3566,US,141,3
3567,US,2943,87
3568,US,297,10
3569,US,10313,137
3570,US,41194,485
3571,US,334125,1846
3572,US,3268,81
3573,US,5192,91
3574,US,101465,35
3575,US,9110,196
3576,US,963,19
3577,US,11540,152
3578,US,15879,312
3579,US,12787,300
3580,US,23239,428
3581,US,22514,216
3582,US,11642,112
3583,US,3328,50
3584,US,11037,157
3585,US,111910,1081
3586,US,11597,230
3587,US,1354,25
3588,US,41356,751
3589,US,4264,93
3590,US,8775,137
3591,US,170638,941
3592,US,12865,167
3593,US,2226,36
3594,US,19687,285
3595,US,9832,308
3596,US,1648,43
3597,US,4499,103
3598,US,4522,57
3599,US,4539,70
3600,US,58205,276
3601,US,22956,179
3602,US,120040,453
3603,US,410508,1830
3604,US,5149,53
3605,US,11943,100
3606,US,72559,708
3607,US,15979,29
3608,US,25075,115
3609,US,14966,124
3610,US,4843,9
3611,US,226280,881
3612,US,12224,38
3613,US,89619,503
3614,US,6940,33
3615,US,12193,94
3616,US,6524,41
3617,US,39572,230
3618,US,1461,4
3619,US,11672,86
3620,US,1292,8
3621,US,4351,28
3622,US,5124,17
3623,US,7152,49
3624,US,17030,98
3625,US,4445,40
3626,US,14223,80
3627,US,8915,53
3628,US,11724,68
3629,US,24813,130
3630,US,9119,119
3631,US,25415,208
3632,US,45583,232
3633,US,4561,111
3634,US,3582,64
3635,US,9634,111
3636,US,5018,62
3637,US,66715,369
3638,US,24503,239
3639,US,1082,21
3640,US,22201,285
3641,US,2404,25
3642,US,9990,118
3643,US,6189,111
3644,US,4091,54
3645,US,6192,150
3646,US,4981,62
3647,US,2331,48
3648,US,17713,237
3649,US,9041,95
3650,US,9791,177
3651,US,1715,31
3652,US,3431,50
3653,US,12470,86
3654,US,64364,565
3655,US,100129,875
3656,US,3513,56
3657,US,6338,112
3658,US,1912,31
3659,US,1451,25
3660,US,14440,179
3661,US,1841,30
3662,US,14774,301
3663,US,4888,71
3664,US,7516,108
3665,US,1660,57
3666,US,2836,43
3667,US,261545,1720
3668,US,2741,51
3669,US,3510,21
3670,US,16629,164
3671,US,3719,55
3672,US,6902,54
3673,US,14138,227
3674,US,2681,57
3675,US,26744,287
3676,US,7248,51
3677,US,3293,86
3678,US,5280,60
3679,US,9649,115
3680,US,5779,64
3681,US,5656,98
3682,US,5087,65
3683,US,3908,45
3684,US,9666,195
3685,US,38739,375
3686,US,29106,348
3687,US,15289,184
3688,US,91424,1083
3689,US,16061,331
3690,US,496,6
3691,US,7844,125
3692,US,9221,129
3693,US,21280,155
3694,US,6909,57
3695,US,4733,52
3696,US,1476,15
3697,US,2338,42
3698,US,8477,131
3699,US,2736,34
3700,US,97880,446
3701,US,8936,102
3702,US,3377,45
3703,US,24408,327
3704,US,3172,48
3705,US,11883,80
3706,US,4909,31
3707,US,4575,126
3708,US,2065,28
3709,US,7908,148
3710,US,2530,55
3711,US,25147,189
3712,US,3258,40
3713,US,5973,45
3714,US,49863,459
3715,US,54074,548
3716,US,2909,78
3717,US,2717,47
3718,US,1618,22
3719,US,5684,103
3720,US,9192,109
3721,US,7068,133
3722,US,4991,123
3723,US,10239,153
3724,US,19155,249
3725,US,2983,31
3726,US,26689,368
3727,US,6387,67
3728,US,6813,89
3729,US,11593,90
3730,US,128090,838
3731,US,10977,170
3732,US,5204,51
3733,US,1374,14
3734,US,2922,30
3735,US,61627,553
3736,US,28387,321
3737,US,28360,440
3738,US,5195,93
3739,US,19153,273
3740,US,9531,139
3741,US,7305,113
3742,US,7697,143
3743,US,14037,263
3744,US,12097,203
3745,US,4502,108
3746,US,35404,342
3747,US,42180,202
3748,US,7855,136
3749,US,24459,346
3750,US,1433,23
3751,US,2926,48
3752,US,14063,224
3753,US,0,0
3754,US,115797,947
3755,US,11498,186
3756,US,18222,261
3757,US,7554,87
3758,US,4345,60
3759,US,2326,25
3760,US,8175,102
3761,US,13968,237
3762,US,9713,173
3763,US,13861,136
3764,US,5647,45
3765,US,5606,86
3766,US,62042,539
3767,US,24171,196
3768,US,15809,209
3769,US,111985,1047
3770,US,751,18
3771,US,27341,424
3772,US,13333,87
3773,US,1825,34
3774,US,36835,227
3775,US,503,7
3776,US,31652,239
3777,US,20465,253
3778,US,13800,124
3779,US,4899,34
3780,US,549865,3512
3781,US,52668,414
3782,US,10399,93
3783,US,4321,61
3784,US,20865,298
3785,US,2680,30
3786,US,15817,183
3787,US,10644,138
3788,US,4853,79
3789,US,2979,44
3790,US,245455,1612
3791,US,1994,3
3792,US,28814,272
3793,US,1798,17
3794,US,205341,1448
3795,US,154262,1686
3796,US,10107,167
3797,US,63339,525
3798,US,3297,6
3799,US,640,11
3800,US,19032,175
3801,US,49230,375
3802,US,10115,102
3803,US,83734,863
3804,US,5974,77
3805,US,45181,347
3806,US,8730,103
3807,US,4995,52
3808,US,6303,112
3809,US,34011,443
3810,US,2265,15
3811,US,2717,54
3812,US,2506,20
3813,US,16797,236
3814,US,2538,23
3815,US,4824,61
3816,US,12903,184
3817,US,7326,75
3818,US,8411,152
3819,US,5726,52
3820,US,26120,290
3821,US,8807,159
3822,US,18459,152
3823,US,59239,881
3824,US,6972,96
3825,US,7288,97
3826,US,12944,205
3827,US,20364,208
3828,US,11225,171
3829,US,8945,111
3830,US,7475,88
3831,US,23430,291
3832,US,10268,167
3833,US,10010,135
3834,US,31434,218
3835,US,5911,50
3836,US,5229,79
3837,US,9376,115
3838,US,13888,199
3839,US,2361,25
3840,US,2504,39
3841,US,2571,36
3842,US,11090,145
3843,US,20885,221
3844,US,30655,424
3845,US,12101,100
3846,US,3046,34
3847,US,4510,52
3848,US,3878,66
3849,US,5961,84
3850,US,2444,39
3851,US,2729,33
3852,US,904,9
3853,US,8979,106
3854,US,11718,149
3855,US,2863,38
3856,US,5466,98
3857,US,1742,28
3858,US,28053,380
3859,US,9709,136
3860,US,5855,70
3861,US,4171,43
3862,US,16134,155
3863,US,4388,49
3864,US,103132,625
3865,US,4194,14
3866,US,5145,45
3867,US,16917,138
3868,US,22234,220
3869,US,9070,133
3870,US,19687,149
3871,US,5361,32
3872,US,179419,647
3873,US,33020,378
3874,US,8791,91
3875,US,14473,95
3876,US,15619,85
3877,US,36682,215
3878,US,1350,17
3879,US,39260,317
3880,US,3349,56
3881,US,15513,163
3882,US,11674,65
3883,US,6385,72
3884,US,6894,34
3885,US,1818,50
3886,US,6954,46
3887,US,26944,270
3888,US,9427,76
3889,US,56650,720
3890,US,6842,71
3891,US,43695,222
3892,US,4446,33
3893,US,6762,108
3894,US,9040,160
3895,US,25188,220
3896,US,49540,550
3897,US,14581,149
3898,US,4644,71
3899,US,2411,16
3900,US,341679,2501
3901,US,14773,113
3902,US,13380,135
3903,US,10958,152
3904,US,64645,451
3905,US,27875,213
3906,US,2307,20
3907,US,13517,78
3908,US,15166,132
3909,US,22890,178
3910,US,4090,42
3911,US,71350,761
3912,US,4995,57
3913,US,55399,463
3914,US,4189,62
3915,US,20998,166
3916,US,6060,71
3917,US,14345,166
3918,US,39446,362
3919,US,30696,168
3920,US,5796,83
3921,US,9970,75
3922,US,0,0
3923,US,7686,119
3924,US,6511,108
3925,US,33399,312
3926,US,5041,52
3927,US,46894,371
3928,US,139825,1248
3929,US,16370,266
3930,US,7659,94
3931,US,63957,418
3932,US,27057,268
3933,US,11581,54
3934,US,3086,66
3935,US,13903,161
3936,US,5023,55
3937,US,3686,58
3938,US,1579,32
3939,US,16863,204
3940,US,4604,65
3941,US,1440,20
3942,US,2377,21
3943,US,31608,322
3944,US,4908,38
3945,US,25821,309
3946,US,863,12
3947,US,7713,153
3948,US,2299,44
3949,US,10008,90
3950,US,2316,28
3951,US,12507,139
3952,US,12134,16
3953,US,6406,43
3954,US,0,0
3955,US,2755,51
3956,US,1905,23
3957,Uganda,170544,3630
3958,Ukraine,163768,2973
3959,Ukraine,126202,2751
3960,Ukraine,150465,3290
3961,Ukraine,212928,5423
3962,Ukraine,303551,9454
3963,Ukraine,216052,5607
3964,Ukraine,181629,3476
3965,Ukraine,305661,6858
3966,Ukraine,107686,2881
3967,Ukraine,201270,3703
3968,Ukraine,445098,8966
3969,Ukraine,226220,5019
3970,Ukraine,45117,1741
3971,Ukraine,80033,2392
3972,Ukraine,303357,6569
3973,Ukraine,146174,3530
3974,Ukraine,325462,5917
3975,Ukraine,179994,4181
3976,Ukraine,171031,2530
3977,Ukraine,99770,2562
3978,Ukraine,182268,3208
3979,Ukraine,146363,2391
3980,Ukraine,589607,5793
3981,Ukraine,149845,3546
3982,Ukraine,132045,2394
3983,Ukraine,112462,2724
3984,Ukraine,215070,5866
3985,Ukraine,192801,3538
3986,United Arab Emirates,1053213,2349
3987,United Kingdom,3904,12
3988,United Kingdom,18828,160
3989,United Kingdom,7305,64
3990,United Kingdom,31472,37
3991,United Kingdom,0,0
3992,United Kingdom,20656177,186138
3993,United Kingdom,1930,0
3994,United Kingdom,20433,111
3995,United Kingdom,34991,66
3996,United Kingdom,38008,116
3997,United Kingdom,66391,161
3998,United Kingdom,1403,8
3999,United Kingdom,713294,5166
4000,United Kingdom,4,0
4001,United Kingdom,2166,0
4002,United Kingdom,2157720,16806
4003,United Kingdom,6561,38
4004,United Kingdom,0,338
4005,United Kingdom,898118,11500
4006,Uruguay,1034303,7617
4007,Uzbekistan,251247,1637
4008,Vanuatu,12014,14
4009,Venezuela,552162,5854
4010,Vietnam,11526994,43186
4011,West Bank and Gaza,703228,5708
4012,Winter Olympics 2022,535,0
4013,Yemen,11945,2159
4014,Zambia,343135,4057
4015,Zimbabwe,264276,5671
